herm.franks@cushwake.com",
"indo@van-haelen.be",
"info@serteam.be",
"jasmina.slijepcevic@nexum.eu",
"jeremy.sabater@vjgs.ch",
"jobcoach@polybat.be",
"jobs@stet.eu",
"julien.denauw@live.be",
"kandersen@amcham.be",
"kassandra.ceri@buyerside.be",
"keltoum@dewereldmorgen.be",
"keymolen.care@armonea.be",
"marche@dema.be",
"mbc@ifapme.be",
"mmc@maesmobility.be",
"sales@albe.com",
"berchem@eniti.be",
"bernard.keppenne@jll.com",
"bernard.seive@expert-de-justice.org",
"boekhouding@bouw-service.be",
"brent@bs16.be",
"britt@huyzen.be",
"broodjespeter@gmail.com",
"brussels@axis.eu",
"burgerzaken@kortrijk.be",
"bvandenb@popay.com",
"cabinetdentairekondratek@hotmail.com",
"cagimasrl@gmail.com",
"campusbrugge@kuleuven.be",
"carolien@ugly.be",
"caroline@rocketnet.be",
"casarotterdamcentrum@casashops.com",
"charleroi@wilink.be",
"chinaalumni@bakermckenzie.com",
"chris@dewitenpartners.be",
"christel.bauwens@fintro.be",
"christophe.lenders@gsj.be",
"cinthy@bhoom.eu",
"client@finax.eu",
"communicatie@vlaamsewaterweg.be",
"connect@objecta.com",
"contact@goodways.com",
"contact@realis.be",
"contact@siemens.com",
"contact@studiof.be",
"corinne@dumortier.be",
"crfni@cicos.int",
"d.aelvoet@ban.be",
"dallas@akris.com",
"david@vandecasteele.be",
"dehaese@dehaese.be",
"didier@endovision.be",
"dirk.bocken@linc-vzw.be",
"dirk@dirkdyck.be",
"drankenhandel@gagelmans.be",
"dries@depreitere.be",
"drukkerij@jamar.be",
"ecole.dolembreux@swing.be",
"edc@escape-events.be",
"eddy.vdbos@belgacom.net",
"elektro.herman@skynet.be",
"els.schroeders@trends-business-information.be",
"emma.herregods@lava-architecten.be",
"emmanuel.plavsic@tanneurs.eu",
"eric.aravena@beneo.com",
"erkentmedikal@mail.com",
"evelyn@gands.be",
"evelyne@maxhome.be",
"events@leuvenmindgate.be",
"events@oesterbar.be",
"export@cornix.eu",
"feb.leuven@kuleuven.be",
"feest@listwaar.be",
"felipe.troncoso@groupm.com",
"filip.berden@gmail.com",
"financieledienst@maasmechelen.be",
"finland@easyfairs.com",
"fondation@ca-indosuez.com",
"forgood@foursquare.com",
"fotografie@claudesmekens.be",
"france@risso.com",
"frank@topkotinleuven.be",
"fred@aspropos.be",
"fred@geensco.be",
"fred@nomadly.be",
"frederic.bosman@induver.be",
"fuel@euronav.com",
"g99caa8f266274939aadc9f776e008f12@2imagine.com",
"gawseniorcitydunantgardensgent@i-mens.be",
"gdw@iuri-access.be",
"geert@ifacservice.be",
"gerard@accofima.be",
"gert@hellinx.com",
"gilbert@frisa.be",
"gunther.kerkhof@accofisc.be",
"guy.vloebergh@telenet.be",
"guy.werckx@itigate.com",
"hallo@instahome.be",
"handel@leuven.be",
"hans@mmix.be",
"heiner.sprunk@lastmilesolutions.com",
"helene.rillaerts@swecobelgium.be",
"hello@hejme.be",
"hello@peppertree.be",
"hello@placeos.com",
"hello@sin-sin.be",
"hetpoorthof@hotmail.com",
"hterpe@bleko.com",
"ibo@jabbeke.be",
"icts@kuleuven.be",
"idealab@shoplc.com",
"image@kmska.be",
"imathias@focus-advertising.be",
"ine@di-lemma.be",
"inez.berkmans@protea-consulting.be",
"inf@shiatsu-academie.be",
"info.panorama@hovima.com",
"info@aboco.be",
"info@abricasa.be",
"info@aiesec.org",
"info@allinox-hk.com",
"info@alva-cookware.com",
"info@anbuma.be",
"info@antwerpcityhostel.be",
"info@antwerpexpats.be",
"info@antwerpmotorhomes.be",
"info@antwerpseyachtclub.be",
"info@apotheekmaes.be",
"info@atreverse.be",
"info@atricco.be",
"info@bdmyshopi.com",
"info@belelectronics.be",
"info@belfloors.be",
"info@belua.com",
"info@bizzflats.be",
"info@bodecor.be",
"info@bouwinspiratie.be",
"info@bricks-and-more.be",
"info@brocap.be",
"info@brunocoppens.eu",
"info@buildwise.be",
"info@buyseconstruct.be",
"info@campo.be",
"info@capitolgroup.be",
"info@carofurs.be",
"info@castellino-antwerpen.be",
"info@chirojevati.be",
"info@cip.be",
"info@ciril.be",
"info@coberg-projects.be",
"info@cockx.be",
"info@cojubel.be",
"info@conota.be",
"info@cornelisjanssens.be",
"info@cruisecareers.be",
"info@data.be",
"info@datacap.be",
"info@dbvh.be",
"info@de-brugse-databank.be",
"info@dearchitecten.be",
"info@delbrouck-daeninck.be",
"info@demuyncknv.be",
"info@devagant.be",
"info@dewa-nv.be",
"info@dezwaan.com",
"info@ecodata.net.au",
"info@elada.be",
"info@evares.be",
"info@falcade.com",
"info@fdvprojecten.be",
"info@fruy.be",
"info@goedhof.be",
"info@groenplanner.be",
"info@groepvanhelmont.be",
"info@groupmc.be",
"info@hectica.com",
"info@homelog.be",
"info@ikwileenkot.be",
"info@imengine.be",
"info@innduce.me",
"info@ivo-achten.be",
"info@johandavidcollection.be",
"info@kaai11.be",
"info@kdvzandmanneke.be",
"info@kensington.be",
"info@lafosse.be",
"info@landwin.be",
"info@lebo.be",
"info@liesenborghs.com",
"info@marismakelaars.be",
"info@marriottghent.com",
"info@mijnstudentenkamer.be",
"info@milieuadvieswinkel.be",
"info@millers-dream.com",
"info@moniquetandcompany.com",
"info@myvestium.co.uk",
"info@nataschapersoone.be",
"info@niceafterwork.be",
"info@novia.be",
"info@parketcenter.be",
"info@patricktheunis.be",
"info@peeters-cardoen.be",
"info@phoenixbat.be",
"info@pilatesc.be",
"info@pleinmagazijn.be",
"info@ppuntt.be",
"info@prodeco.nu",
"info@q-n.be",
"info@q-park.be",
"info@qshf.be",
"info@qstay.be",
"info@resobel.be",
"info@roodeco.be",
"info@steenenbeen.be",
"info@stejon.be",
"info@synaevebouwprojecten.be",
"info@syus.be",
"info@tastetheconcept.com",
"info@the-table.be",
"info@treatex.be",
"info@uni-casa.be",
"info@verhaert.com",
"info@vieto.be",
"info@vivendo.be",
"info@vivo2.be",
"info@vobis.be",
"info@w-groep.be",
"info@znk-windmolders.be",
"info@zur-shamir.com",
"inkoopnl@martenswws.com",
"inmatex@inmatex.com",
"innovate@bluegateantwerp.eu",
"integrity@securex.be",
"interieur@vooruitzicht.be",
"interiors@akanthos.be",
"internship@bigbrains.be",
"isabelle.stael@howest.be",
"jackie.hyland@wolterskluwer.com",
"jan@skillbuilders.be",
"japansetuin@hasselt.be",
"jaroslav.hruby@uhasselt.be",
"jobs@internetarchitects.be"